target_class,count,pct
Graduate,36282,47.416294205285034
Dropout,25296,33.05888810475967
Enrolled,14940,19.524817689955302
